Name,Lon,Lat
Toronto,-79.4,43.7
San Antonio,-98.493333333,29.428611111
Chicago,-87.65,41.9
San Antonio,-98.493333333,29.428611111
Chicago,-87.65,41.9
Warsaw,21.033333333,52.216666666
Milan,9.190336,45.464161
Istanbul,28.960277777,41.01
Istanbul,28.960277777,41.01
Paris,2.351827777,48.856577777
London,-0.1275,51.507222222
Beijing,116.391388888,39.905
São Paulo,-46.633947222,-23.550394444
Moscow,37.617777777,55.755833333
Novosibirsk,82.916666666,55.033333333
Yekaterinburg,60.583333333,56.833333333
Nizhny Novgorod,44.0075,56.326944444
Samara,50.116666666,53.183333333
Omsk,73.383333333,54.966666666
Kazan,49.114444444,55.790833333
Chelyabinsk,61.4,55.15
Rostov-on-Don,39.716666666,47.233333333
Ufa,55.966666666,54.733333333
Perm,56.248888888,58.013888888
Krasnoyarsk,92.866666666,56.016666666
Moscow,37.617777777,55.755833333
Novosibirsk,82.916666666,55.033333333
Yekaterinburg,60.583333333,56.833333333
Nizhny Novgorod,44.0075,56.326944444
Samara,50.116666666,53.183333333
Omsk,73.383333333,54.966666666
Kazan,49.114444444,55.790833333
Chelyabinsk,61.4,55.15
Rostov-on-Don,39.716666666,47.233333333
Ufa,55.966666666,54.733333333
Perm,56.248888888,58.013888888
Krasnoyarsk,92.866666666,56.016666666
Berlin,13.383333333,52.516666666
Berlin,13.383333333,52.516666666
Cologne,6.957777777,50.942222222
Hamburg,10.0,53.55
Tbilisi,44.783333333,41.716666666
Tbilisi,44.783333333,41.716666666
Tashkent,69.266666666,41.3
Singapore,103.8,1.3
Ahmedabad,72.58,23.03
Mumbai,72.833333333,18.966666666
Kolkata,88.337777777,22.541111111
Chennai,80.27,13.09
Dubai,55.309444444,25.269722222
Shanghai,121.466666666,31.166666666
Wuhan,114.279167,30.5725
Rio de Janeiro,-43.196388888,-22.908333333
Baku,49.835183333,40.366655555
Baku,49.835183333,40.366655555
Semarang,110.416666666,-6.966666666
Surabaya,112.733333333,-7.233333333
Vadodara,73.2,22.3
Casablanca,-7.62,33.599166666
Lagos,3.4,6.45
Antalya,30.683333333,36.9
Antalya,30.683333333,36.9
Adelaide,138.583333333,-34.933333333
Adelaide,138.583333333,-34.933333333
Mecca,39.826111111,21.4225
Budapest,19.040833333,47.498333333
Barcelona,2.176944444,41.3825
Vienna,16.373064,48.20833
Munich,11.566666666,48.133333333
Minsk,27.561837,53.902246
Odessa,30.743444,46.485722
Buenos Aires,-58.381944444,-34.599722222
Phnom Penh,104.916666666,11.55
Delhi,77.216666666,28.666666666
Nagpur,79.083055555,21.153888888
Pune,73.847777777,18.523611111
Quito,-78.509722222,-0.218611111
Guatemala City,-90.531388888,14.622777777
Baghdad,44.416666666,33.35
Sana'a,44.2,15.35
Taipei,121.633333333,25.033333333
Bangkok,100.516666666,13.75
Dhaka,90.366666666,23.7
Dar es Salaam,39.283333333,-6.8
Mogadishu,45.3425,2.040833333
Khartoum,32.52654,15.60308
Ankara,32.866666666,39.866666666
Ankara,32.866666666,39.866666666
Accra,-0.187,5.6037
Curitiba,-49.271944444,-25.429722222
Voronezh,39.210555555,51.671666666
Voronezh,39.210555555,51.671666666
Jakarta,106.8,-6.166666666
Belgrade,20.466666666,44.816666666
Sydney,151.208333333,-33.869444444
Sydney,151.20732,-33.86785
Melbourne,144.961388888,-37.820555555
Perth,115.858888888,-31.952222222
Sydney,151.208333333,-33.869444444
Sydney,151.20732,-33.86785
Melbourne,144.961388888,-37.820555555
Perth,115.858888888,-31.952222222
N'Djamena,15.072222222,12.116388888
Surat,72.83,21.17
Barquisimeto,-69.346694444,10.067777777
Tegucigalpa,-87.206666666,14.094166666
Tehran,51.416666666,35.7
Amman,35.933333333,31.95
Managua,-86.266666666,12.15
Damascus,36.291944444,33.513055555
Lusaka,28.283333333,-15.416666666
Harare,31.052222222,-17.829166666
Brazzaville,15.283333333,-4.266666666
Conakry,-13.712222222,9.509166666
Yaounde,11.518055555,3.857777777
Monrovia,-10.804722222,6.310555555
Tripoli,13.183333333,32.9
Maputo,32.576388888,-25.915277777
Niamey,2.111111111,13.508611111
Kampala,32.581111111,0.313611111
Giza,31.21,30.01
Giza,31.21,30.01
Monterrey,-100.308611111,25.671388888
Goiânia,-49.253888888,-16.678888888
Patna,85.141388888,25.61
Mosul,43.116666666,36.366666666
Fes,-5.001944444,34.044166666
Varanasi,83.006111111,25.306944444
Tabriz,46.283333333,38.083333333
Zapopan,-103.391944444,20.720277777
Maceió,-35.735,-9.665833333
Gwalior,78.193055555,26.215
Allahabad,81.85,25.45
Srinagar,74.806111111,34.091111111
Santa Cruz,-63.1975,-17.789166666
Ahvaz,48.669166666,31.320277777
Qom,50.878888888,34.646111111
Gaziantep,37.383333333,37.066666666
Gaziantep,37.383333333,37.066666666
Puebla City,-98.217777777,19.051388888
Ganja,46.360555555,40.682777777
Ganja,46.360555555,40.682777777
Mashhad,59.604166666,36.306944444
Erbil,44.009444444,36.191111111
Rawalpindi,73.033333333,33.6
Douala,9.7,4.05
Calgary,-114.066666666,51.05
Yokohama,139.633333333,35.433333333
Kōbe,135.183,34.6913
San Jose,-121.872777777,37.304166666
Houston,-95.383055555,29.762777777
Phoenix,-112.076388888,33.528333333
Dallas,-96.7975,32.7825
San Jose,-121.872777777,37.304166666
Houston,-95.383055555,29.762777777
Phoenix,-112.076388888,33.528333333
Dallas,-96.7975,32.7825
Adana,35.325,37.0
Bursa,29.066666666,40.183333333
Bursa,29.066666666,40.183333333
Adana,35.325,37.0
Bursa,29.066666666,40.183333333
Bursa,29.066666666,40.183333333
Shenzhen,114.054,22.535
Guangzhou,113.258976,23.128795
São Luís,-44.302777777,-2.53
Manaus,-60.016666666,-3.1
Porto Alegre,-51.23,-30.032777777
Belo Horizonte,-43.947777777,-19.891666666
Fortaleza,-38.588888888,-3.781388888
Kharkiv,36.229166666,50.0
Almaty,76.9,43.25
Almaty,76.9,43.25
Johannesburg,28.050277777,-26.145
Brisbane,153.027777777,-27.467777777
Brisbane,153.027777777,-27.467777777
Pyongyang,125.73,39.03
Auckland,174.783333333,-36.85
Amritsar,74.85,31.616666666
Navi Mumbai,73.01,19.03
Kanpur,80.331111111,26.4725
Indore,75.847222222,22.720555555
Guayaquil,-79.883333333,-2.183333333
Cali,-76.519722222,3.44
Santo Domingo,-69.893333333,18.476388888
Santiago de los Caballeros,-70.7,19.45
Karaj,50.966666666,35.816666666
Isfahan,51.679166666,32.651388888
Basra,47.81,30.488888888
Aleppo,37.15,36.2
Daegu,128.6,35.866666666
Balıkesir,27.884166666,39.651111111
Balıkesir,27.884166666,39.651111111
León,-101.680555555,21.119722222
Mombasa,39.666666666,-4.05
Kumasi,-1.616666666,6.683333333
Campinas,-47.057294444,-22.900913888
Guarulhos,-46.533333333,-23.466666666
Visakhapatnam,83.25,17.7
Visakhapatnam,83.25,17.7
Jodhpur,73.033333333,26.466666666
Jamshedpur,86.183333333,22.8
Nashik,73.783333333,20.0
Faridabad,77.3,28.416666666
Aurangabad,75.32,19.88
Jabalpur,79.933333333,23.166666666
Madurai,78.119394444,9.919661111
Maracaibo,-71.633333333,10.633333333
Irbid,35.85,32.55
Faisalabad,73.079,31.418
Faisalabad,73.079,31.418
Multan,71.416666666,30.2
Multan,71.416666666,30.2
Quetta,67.007,30.192
Kaohsiung City,120.3,22.616667
Blantyre,35.005833333,-15.786111111
Maiduguri,13.15,11.833333333
Shubra El-Kheima,31.242222222,30.128611111
Shubra El-Kheima,31.242222222,30.128611111
Kota,75.83,25.18
Kota,76.383333333,25.3
Raipur,81.6336833,21.2379468
San Pedro Sula,-88.033333333,15.5
Sharjah,55.391944444,25.3575
Q243325,89.55,22.816666666
Chittagong,91.816666666,22.316666666
Vasai-Virar,72.8,19.47
Ciudad Guayana,-62.651652777,8.359616666
Ogbomosho,4.25,8.133333333
Bhiwandi,73.066666666,19.3
Taoyuan District,121.311111111,24.988888888
Onitsha,6.783333333,6.166666666
Peshawar,71.5,34.0
Peshawar,71.5,34.0
Comayaguela,-87.21667,14.08333
Shiraz,52.516666666,29.6
